{
	"pages": [ //pages数组中第一项表示应用启动页，参考：https://uniapp.dcloud.io/collocation/pages
		{
			"path": "pages/index/index",
			"style": {
				// "navigationBarTitleText": ""
				"navigationStyle": "custom",
				"enablePullDownRefresh": false
			}
		}
	    ,{
            "path" : "pages/login/login",
            "style" :                                                                                    
            {
                "navigationBarTitleText": "",
                "enablePullDownRefresh": false
            }
            
        }
    ],
	"globalStyle": {
		"navigationBarTextStyle": "black",
		// "navigationBarTitleText": "uni-app",
		"navigationStyle": "custom",
		"navigationBarBackgroundColor": "#F8F8F8",
		"backgroundColor": "#F8F8F8"
	}
}
