{
	"pages": [ //pages数组中第一项表示应用启动页，参考：https://uniapp.dcloud.io/collocation/pages
		{
			"path": "pages/index/index",
			"style": {
				// "navigationBarTitleText": "uni-app"
				"navigationStyle": "custom"
			}
		}, {
			"path": "pages/my/my",
			"style": {
				// "navigationBarTitleText": "",
				// "enablePullDownRefresh": false
				"navigationStyle": "custom"
			}

		}, {
			"path": "pages/wd/wd",
			"style": {
				// "navigationBarTitleText": "",
				// "enablePullDownRefresh": false
				"navigationStyle": "custom"
			}
		}, {
			"path": "pages/my/login/login",
			"style": {
				// "navigationBarTitleText": "",
				// "enablePullDownRefresh": false
				"navigationStyle": "custom"
			}
		}, {
			"path": "pages/my/register/register",
			"style": {
				// "navigationBarTitleText": "",
				// "enablePullDownRefresh": false
				"navigationStyle": "custom"
			}
		}
	    ,{
            "path" : "pages/my/fromUp/fromUp",
            "style" :                                                                                    
            {
                "navigationBarTitleText": "信息填写",
                "enablePullDownRefresh": false
            }
            
        }
        ,{
            "path" : "pages/wd/chart/chart",
            "style" :                                                                                    
            {
                "navigationBarTitleText": "",
                "enablePullDownRefresh": false
            }
            
        }
        ,{
            "path" : "pages/index/searchMac/searchMac",
            "style" :                                                                                    
            {
                "navigationBarTitleText": "搜索设备",
                "enablePullDownRefresh": false
            }
            
        }
    ],
	"globalStyle": {
		"navigationBarTextStyle": "black",
		"navigationBarTitleText": "",
		"navigationBarBackgroundColor": "#FFFFFF",
		"backgroundColor": "#F8F8F8"
	},
	"tabBar":{
		"color": "#B1B1B1",
		"selectedColor": "#4e71e5",
		"borderStyle": "black",
		"backgroundColor": "#FFFFFF",
		// "borderStyle":"1px solid #b9b9b9",
		// "backgroundColor":"rgba(255, 255, 255, 0.2)",
		"list": [{
				"pagePath": "pages/index/index",
				"iconPath": "static/tapBar/cw0.png",
				"selectedIconPath": "static/tapBar/cw1.png",
				"text": "测温"
			},
			{
				"pagePath": "pages/wd/wd",
				"iconPath": "static/tapBar/wdj0.png",
				"selectedIconPath": "static/tapBar/wdj1.png",
				"text": "温度记"
			},
			{
				"pagePath": "pages/my/my",
				"iconPath": "static/tapBar/my0.png",
				"selectedIconPath": "static/tapBar/my1.png",
				"text": "我的"
			}
		]
	}
}
